{
  "val": {
    "loss": 0.39730024337768555,
    "accuracy": 0.9112,
    "precision": 0.9103885804916733,
    "recall": 0.9132856006364359,
    "f1": 0.9118347895154885
  },
  "test": {
    "loss": 0.3701660633087158,
    "accuracy": 0.91652,
    "precision": 0.9096703123770556,
    "recall": 0.92488,
    "f1": 0.9172121067872585
  },
  "train_time_sec": 4187.054350852966,
  "config": {
    "model_name": "bert-base-uncased",
    "max_seq_length": 256,
    "train_batch_size": 8,
    "eval_batch_size": 16,
    "learning_rate": 2e-05,
    "num_train_epochs": 5.0,
    "weight_decay": 0.01,
    "seed": 42,
    "val_ratio": 0.1,
    "early_stopping_patience": 2,
    "early_stopping_threshold": 0.0,
    "dropout": null,
    "run_name": "run2_bert"
  }
}