{
  "val": {
    "loss": 0.36242884397506714,
    "accuracy": 0.9212,
    "precision": 0.9114906832298136,
    "recall": 0.933969769291965,
    "f1": 0.9225933202357564
  },
  "test": {
    "loss": 0.3169328272342682,
    "accuracy": 0.92788,
    "precision": 0.9081266692102251,
    "recall": 0.95208,
    "f1": 0.9295840656121851
  },
  "train_time_sec": 5352.436454534531,
  "config": {
    "model_name": "distilbert-base-uncased",
    "max_seq_length": 512,
    "train_batch_size": 16,
    "eval_batch_size": 32,
    "learning_rate": 2e-05,
    "num_train_epochs": 5.0,
    "weight_decay": 0.01,
    "seed": 42,
    "val_ratio": 0.1,
    "early_stopping_patience": 2,
    "early_stopping_threshold": 0.0,
    "dropout": 0.2,
    "run_name": "run3_distilbert_dropout02"
  }
}