{
  "val": {
    "loss": 0.37114042043685913,
    "accuracy": 0.9092,
    "precision": 0.9074367088607594,
    "recall": 0.9124900556881463,
    "f1": 0.9099563665212217
  },
  "test": {
    "loss": 0.35044440627098083,
    "accuracy": 0.9132,
    "precision": 0.9016329704510109,
    "recall": 0.9276,
    "f1": 0.9144321766561514
  },
  "train_time_sec": 2486.447942018509,
  "config": {
    "model_name": "distilbert-base-uncased",
    "max_seq_length": 256,
    "train_batch_size": 16,
    "eval_batch_size": 32,
    "learning_rate": 2e-05,
    "num_train_epochs": 5.0,
    "weight_decay": 0.01,
    "seed": 42,
    "val_ratio": 0.1,
    "early_stopping_patience": 2,
    "early_stopping_threshold": 0.0,
    "dropout": null,
    "run_name": "run1_distilbert"
  }
}